<keymap version="1" name="Windows copy" parent="$default">
  <action id="Annotate">
    <keyboard-shortcut first-keystroke="ctrl back_quote" />
  </action>
  <action id="Build">
    <keyboard-shortcut first-keystroke="ctrl f9" />
    <keyboard-shortcut first-keystroke="ctrl b" />
  </action>
  <action id="CMake.ClearCacheAndReload">
    <keyboard-shortcut first-keystroke="f5" />
  </action>
  <action id="CloseContent">
    <keyboard-shortcut first-keystroke="ctrl f4" />
    <keyboard-shortcut first-keystroke="ctrl w" />
  </action>
  <action id="Console.TableResult.NavigateForeignAction">
    <mouse-shortcut keystroke="control button1" />
    <mouse-shortcut keystroke="button2" />
  </action>
  <action id="CopyElement" />
  <action id="EditorSelectWord" />
  <action id="GotoDeclaration">
    <mouse-shortcut keystroke="control button1" />
    <mouse-shortcut keystroke="button2" />
  </action>
  <action id="GotoRelated">
    <keyboard-shortcut first-keystroke="ctrl alt home" />
    <mouse-shortcut keystroke="shift control button1" />
  </action>
  <action id="GotoTypeDeclaration">
    <keyboard-shortcut first-keystroke="shift ctrl b" />
  </action>
  <action id="Graph.RouteEdges" />
  <action id="QuickChangeScheme" />
  <action id="SmartSelect" />
  <action id="TableResult.GrowSelection" />
  <action id="UsageFiltering.WriteAccess" />
  <action id="org.intellij.plugins.markdown.ui.actions.styling.ToggleBoldAction" />
</keymap>