<code_scheme name="Default copy1" version="173">
  <Objective-C>
    <option name="INDENT_NAMESPACE_MEMBERS" value="0" />
    <option name="KEEP_STRUCTURES_IN_ONE_LINE" value="true" />
    <option name="NAMESPACE_BRACE_PLACEMENT" value="5" />
    <option name="FUNCTION_BRACE_PLACEMENT" value="5" />
    <option name="BLOCK_BRACE_PLACEMENT" value="5" />
    <option name="FUNCTION_NON_TOP_AFTER_RETURN_TYPE_WRAP" value="0" />
    <option name="FUNCTION_TOP_AFTER_RETURN_TYPE_WRAP" value="0" />
    <option name="FUNCTION_PARAMETERS_WRAP" value="0" />
    <option name="FUNCTION_CALL_ARGUMENTS_WRAP" value="0" />
    <option name="CLASS_CONSTRUCTOR_INIT_LIST_WRAP" value="0" />
    <option name="CLASS_CONSTRUCTOR_INIT_LIST_NEW_LINE_BEFORE_COLON" value="0" />
    <option name="SUPERCLASS_LIST_WRAP" value="0" />
    <option name="SUPERCLASS_LIST_ALIGN_MULTILINE" value="false" />
    <option name="SUPERCLASS_LIST_BEFORE_COLON" value="0" />
  </Objective-C>
  <codeStyleSettings language="ObjectiveC">
    <option name="KEEP_BLANK_LINES_IN_DECLARATIONS" value="1" />
    <option name="KEEP_BLANK_LINES_IN_CODE" value="1" />
    <option name="KEEP_BLANK_LINES_BEFORE_RBRACE" value="1" />
    <option name="BLANK_LINES_BEFORE_IMPORTS" value="0" />
    <option name="BLANK_LINES_AFTER_IMPORTS" value="0" />
    <option name="BLANK_LINES_AROUND_METHOD" value="0" />
    <option name="BLANK_LINES_AROUND_METHOD_IN_INTERFACE" value="0" />
    <option name="BRACE_STYLE" value="5" />
    <option name="CLASS_BRACE_STYLE" value="5" />
    <option name="ARRAY_INITIALIZER_WRAP" value="0" />
    <indentOptions>
      <option name="USE_TAB_CHARACTER" value="true" />
    </indentOptions>
  </codeStyleSettings>
</code_scheme>