<profile version="1.0">
  <option name="myName" value="Project Default copy1" />
  <inspection_tool class="ClangTidy" enabled="true" level="WARNING" enabled_by_default="true">
    <option name="clangTidyChecks" value="-*,mpi-*,performance-*,bugprone-*,-bugprone-signal-handler,-bugprone-narrowing-conversions,-bugprone-redundant-branch-condition,-bugprone-exception-escape,-bugprone-unchecked-optional-access,-bugprone-shared-ptr-array-mismatch,-bugprone-implicit-widening-of-multiplication-result,-bugprone-signed-char-misuse,-bugprone-bool-pointer-implicit-conversion,-bugprone-unhandled-exception-at-new,-bugprone-infinite-loop,-bugprone-easily-swappable-parameters,-bugprone-stringview-nullptr,cert-err52-cpp,cert-err60-cpp,cert-err34-c,cert-str34-c,cert-dcl21-cpp,cert-msc50-cpp,cert-msc51-cpp,cert-dcl58-cpp,cert-flp30-c,cppcoreguidelines-pro-type-member-init,cppcoreguidelines-slicing,cppcoreguidelines-interfaces-global-init,cppcoreguidelines-pro-type-static-cast-downcast,cppcoreguidelines-narrowing-conversions,google-default-arguments,google-runtime-operator,hicpp-multiway-paths-covered,hicpp-exception-baseclass,misc-unconventional-assign-operator,misc-misplaced-const,misc-new-delete-overloads,misc-non-copyable-objects,misc-no-recursion,misc-throw-by-value-catch-by-reference,misc-uniqueptr-reset-release,modernize-*,-modernize-use-nodiscard,-modernize-use-trailing-return-type,-modernize-use-noexcept,openmp-use-default-none,portability-simd-intrinsics,readability-misleading-indentation,readability-non-const-parameter,readability-redundant-string-cstr,readability-use-anyofallof,readability-avoid-const-params-in-decls,readability-simplify-subscript-expr,readability-redundant-smartptr-get,readability-make-member-function-const,readability-string-compare,readability-delete-null-pointer,readability-uniqueptr-delete-release,readability-static-definition-in-anonymous-namespace,readability-redundant-declaration,readability-redundant-string-init,readability-redundant-control-flow,readability-misplaced-array-index,readability-inconsistent-declaration-parameter-name,readability-static-accessed-through-instance,readability-container-size-empty,readability-redundant-function-ptr-dereference,readability-const-return-type" />
  </inspection_tool>
  <inspection_tool class="OCUnusedConcept" enabled="false" level="WARNING" enabled_by_default="false" />
  <inspection_tool class="OCUnusedGlobalDeclaration" enabled="false" level="WARNING" enabled_by_default="false" />
  <inspection_tool class="OCUnusedIncludeDirective" enabled="false" level="WARNING" enabled_by_default="false" />
  <inspection_tool class="OCUnusedMacro" enabled="false" level="WARNING" enabled_by_default="false" />
  <inspection_tool class="OCUnusedStruct" enabled="false" level="WARNING" enabled_by_default="false" />
  <inspection_tool class="OCUnusedTemplateParameter" enabled="false" level="WARNING" enabled_by_default="false" />
  <inspection_tool class="OCUnusedTypeAlias" enabled="false" level="WARNING" enabled_by_default="false" />
</profile>