<application>
  <component name="FileTypeManager" version="19">
    <extensionMap>
      <mapping pattern="FindMY_DISCREGRID" type="AUTO_DETECTED" />
      <mapping pattern="FindMY_EIGEN" type="AUTO_DETECTED" />
      <mapping ext="geo" type="GLSL shader" />
      <mapping pattern="fluidsolver" type="ObjectiveC" />
      <mapping ext="res" type="PLAIN_TEXT" />
      <mapping ext="bin" type="PLAIN_TEXT" />
      <mapping ext="dds" type="PLAIN_TEXT" />
      <removed_mapping ext="pdf" approved="true" type="Native" />
      <removed_mapping ext="ts" approved="true" type="QtLinguist" />
    </extensionMap>
  </component>
</application>